<?xml version="1.0" encoding="UTF-8"?>

<mule xmlns:file="http://www.mulesoft.org/schema/mule/file" xmlns:json="http://www.mulesoft.org/schema/mule/json" xmlns="http://www.mulesoft.org/schema/mule/core" xmlns:doc="http://www.mulesoft.org/schema/mule/documentation"
	xmlns:spring="http://www.springframework.org/schema/beans" 
	xmlns:xsi="http://www.w3.org/2001/XMLSchema-instance"
	xsi:schemaLocation="http://www.springframework.org/schema/beans http://www.springframework.org/schema/beans/spring-beans-current.xsd
http://www.mulesoft.org/schema/mule/core http://www.mulesoft.org/schema/mule/core/current/mule.xsd
http://www.mulesoft.org/schema/mule/json http://www.mulesoft.org/schema/mule/json/current/mule-json.xsd
http://www.mulesoft.org/schema/mule/file http://www.mulesoft.org/schema/mule/file/current/mule-file.xsd">
    <file:connector name="File" outputPattern="src/main/resources" writeToDirectory="src/main/resources" autoDelete="true" streaming="true" validateConnections="true" doc:name="File"/>
    <flow name="xmljsonFlow">
        <file:inbound-endpoint path="src/main/resources" responseTimeout="10000" doc:name="File"/>
        <logger message="Operation Started" level="INFO" doc:name="Logger"/>
        <json:xml-to-json-transformer doc:name="XML to JSON"/>
        <logger message="Operation completed.#[payload]" level="INFO" doc:name="Logger"/>
        <file:outbound-endpoint path="src/main/resources" connector-ref="File" responseTimeout="10000" doc:name="File"/>
    </flow>
</mule>
